id,corpus,source,title,url,tier,retrieval,ratingStars,ratingCount,flourG,oatsG,fatG,sugarG,saltG,liquidG,bakingPowderG,bakingSodaG,nutsG,eggG,toppingG,fruitG,basisG,oatFractionPct,fatPct,sugarPct,sugarBrownPct,saltPct,liquidPct,bakingPowderPct,bakingSodaPct,nutsPct,dish,areaCm2,loadGPerCm2,fruitToToppingRatio,ovenC,bakeMinutes,restMinutes,prebakeFruit,butterState,sodaToAcidLiquid,acidLiquidG,inferredFields,excluded,exclusionReason,flags,notes
crumble-delia-best-ever,crumble,Delia Smith,The Best Ever Apple Crumble,https://www.deliaonline.com/recipes/main-ingredient/apple-recipes/the-best-ever-apple-crumble,T1,direct,,,175,0,75,110,0,0,0,0,110,0,470,925,175,0,42.86,62.86,62.86,0,0,0,0,62.86,24 x 16 x 6 cm,384,1.224,1.97,200,42.5,10,false,cold,,0,,false,,SELF-RAISING FLOUR — contains a leavener; SALTED butter — its salt is real but unquantifiable; almonds are 63% of flour weight,Contradicts the widely-circulated Delia 'basic crumble' on compaction: here 'press it down quite firmly all over; the more tightly it is packed together the crisper it will be'.
crumble-delia-643,crumble,Delia Smith (attributed),"basic crumble topping, 6:4:3",https://deliasmithrecipes.uk/delia-smith-crumble-topping-recipe/,T3,seo-aggregator,,,175,0,110,75,0,0,0,0,0,0,360,0,175,0,62.86,42.86,42.86,0,0,0,0,0,,,,,200,37.5,,false,cold,,0,,true,Rests entirely on an AI-generated SEO farm cluster. Never verified against Delia. Was cited as a headline finding in an early pass — that was the single weakest citation in the survey.,,
crumble-bbc-good-food,crumble,BBC Good Food,The best apple crumble,https://www.bbcgoodfoodme.com/recipes/best-apple-crumble/,T2,licensee-edition,,,175,5.6,110,122.5,0,0,0,0,0,0,413.1,575,180.6,3.11,60.9,67.82,6.92,0,0,0,0,0,"23 cm round, 5 cm deep",415.5,0.994,1.39,,37.5,10,false,cold,,0,"demerara: A raw cane sugar, less dense than granulated; treated as granulated here, which slightly overstates its weight.",false,,OVEN TEMPERATURE NEVER RECOVERED — contributes to the time median but not the temperature median,"Uses 'sandy' as a POSITIVE processor target, directly against Cloake's use of it as a defect. The survey concluded sandy was a defect word on Cloake's authority without weighing this."
crumble-jamie-oliver,crumble,Jamie Oliver,Classic apple crumble,https://www.jamieoliver.com/recipes/fruit/classic-apple-crumble/,T1,direct,,,100,0,50,50,0,0,0,0,0,0,200,1500,100,0,50,50,0,0,0,0,0,0,25 x 30 cm,750,0.267,7.5,200,27.5,,false,cold,,0,,false,,"SUSPECT — 200 g of topping over 750 cm2 for 8 people is 25 g per person, under a third of every other source","The single most influential row in the load range: it alone stretches fruit:topping from ~4.6 to 7.5 and load from 0.95 down to 0.267. Never checked against the possibility of a publishing error. If wrong, the '11x spread' headline shrinks materially."
crumble-kitchen-sanctuary,crumble,Kitchen Sanctuary,Apple Crumble,https://www.kitchensanctuary.com/apple-crumble/,T1,direct,4.38,8,150,5.6,120,120,0,0,0,0,0,0,395.6,780,155.6,3.61,77.11,77.11,0,0,0,0,0,0,"22.5 cm round, 5 cm deep",397.6,0.995,1.97,180,30,,true,cold,,0,,false,,,"Richest texture vocabulary in the corpus. The defect quote 'watery and soggy' is from a COMMENTER, not the author — it was counted in the defect tally as if it were recipe text and should be down-weighted."
crumble-atk,crumble,America's Test Kitchen,Apple Crumble,https://www.americastestkitchen.com/recipes/11908-apple-crumble,T1,direct,4,415,142,0,85.2,99,2.85,0,0,0,0,0,329.1,1814.4,142,0,60,69.72,69.72,2.01,0,0,0,0,"8-inch square, 2-inch sides",412.9,0.797,5.51,204,65,45,true,melted,,0,,false,,,"Source of the '5 to 1' filling-to-topping doctrine. ATK never states whether that is by weight or volume, raw or baked — the reading that it is raw mass is reconstruction from their own numbers (1814/393 = 4.62), not their statement. Only source to specify salt in BOTH topping and filling."
crisp-atk-master,crisp,America's Test Kitchen,Master Recipe for Fruit Crisp,https://www.americastestkitchen.com/recipes/1665-master-recipe-for-fruit-crisp,T1,direct,,,71,45,82.4,132,1.43,0,0,0,0,0,331.8,770,116,38.79,71.03,113.79,113.79,1.23,0,0,0,0,8-inch square,400,0.83,2.32,218,50,,false,cold,,0,shortening: No published factor was available; 205 g/cup is an estimate.,false,,FRUIT QUANTITY INTERNALLY CONTRADICTORY — '7 cups' and '2 1/2 to 3 pounds' cannot both hold; only source using shortening,"Reporting butter alone (49 normalised) made this look like the leanest topping in the set; counting total fat it is 71, dead on the median. Also specifies QUICK oats while ATK's own Kids recipe forbids them."
crisp-atk-pear,crisp,America's Test Kitchen,Pear Crisp with Oat Topping,https://www.americastestkitchen.com/recipes/3835-pear-crisp-with-oat-topping,T1,direct,,,71,43,85.2,100,0.71,0,0,0,50,0,349.9,1360.8,114,37.72,74.74,87.72,43.86,0.63,0,0,0,43.86,8-inch square,400,0.875,3.89,218,29.5,15,false,melted,,0,nuts: Varies with nut and chop size; 100 g/cup is a rough middle.,false,,,"THE most important single quote in the corpus for this model: the only source anywhere explaining crunch retention, and it credits MELTED BUTTER, not oats."
crisp-king-arthur,crisp,King Arthur Baking,Classic Apple Crisp,https://www.kingarthurbaking.com/recipes/classic-apple-crisp-recipe,T1,direct,4.8,214,90,45,113,142,1.43,0,3,0,0,0,394.4,907.2,135,33.33,83.7,105.19,105.19,1.06,0,2.22,0,0,9-inch square,523,0.754,2.3,177,60,20,false,cold,,0,,false,,ONLY source in the crisp corpus containing baking powder,A third party (The Pancake Princess) states this recipe uses 'regular (not cold) butter'. The page says cold. The third party is wrong.
crisp-sallys,crisp,Sally's Baking Addiction,Apple Crisp,https://sallysbakingaddiction.com/apple-crisp/,T1,direct,4.8,171,94,85,113,150,0,0,0,0,0,0,442,1200,179,47.49,63.13,83.8,83.8,0,0,0,0,0,9x13-inch,759,0.582,2.71,177,45,5,false,cold,,0,,false,,"NO SALT — surprising for this author; possible extraction failure, unverified","Oats stirred in AFTER the butter is cut in, and the only source giving a reason. Also the only source attributing crunch to butter temperature from the opposite direction to ATK."
crisp-dorie,crisp,Dorie Greenspan,Mixed Berry Crisp,https://doriegreenspan.com/recipe/mixed-berry-crisp/,T1,direct,,,136,90,113.6,78.3,4.28,0,0,0,0,0,422.1,737.1,226,39.82,50.27,34.62,23.56,1.89,0,0,0,0,9-inch Pyrex pie plate,410,1.03,1.75,177,52.5,20,false,cold,,0,,false,,HIGHEST salt in the crisp corpus; the author says the oats are OPTIONAL,"Pursues texture HETEROGENEITY as a deliberate goal, against ATK who engineer the same stratification away as a defect. Directly undercuts defining a crisp vertex by oat fraction."
crisp-serious-eats-oatfree,crisp,Serious Eats,The Best Apple Crisp,https://www.seriouseats.com/the-best-apple-crisp-recipe,T3,mirror+search,,,100,0,145,165,3.8,0,0,0,100,0,513.8,0,100,0,145,165,0,3.8,0,0,0,100,,,,,,,,,cold,,0,kosher salt: Diamond Crystal ~2.8 g/tsp vs Morton ~4.8 g/tsp — a 1.7x spread. Midpoint used; the true value could be either end.,true,"NO OATS AT ALL — excluded from the oat-bearing medians, but recorded because it is the most important counterexample in the project.",oat fraction 0; won a blind three-way bake-off; every normalised figure sits outside the range of all 16 oat-bearing crisps,"Butter 145, sugar 165, nuts 100 per 100 flour. Together with three Chez Panisse formulas and ATK's own oat-free Fruit Crisp, this is one of five canonical 'crisps' with no oats. The defensible reading: a crisp is a rubbed dry topping over fruit, and oats are one of two structural fillers — the other being nuts."
cobbler-atk-peach,cobbler-a,America's Test Kitchen,Fresh Peach Cobbler,https://www.americastestkitchen.com/recipes/1468-fresh-peach-cobbler,T1,direct,,,142,0,71,37.5,1.43,81.7,3,1.15,0,0,337.7,1134,142,0,50,26.41,0,1,57.51,2.11,0.81,0,8-inch square glass,400,0.844,3.36,218,27,20,true,cold,0.01408,81.7,,false,,ATK ratings readable but not captured for this recipe; comment text is paywalled.,"ATK gives NO rationale for pre-baking the filling, only a visual cue. The biscuit-bottom reasoning belongs to King Arthur, not ATK — an attribution this project got wrong and has corrected."
cobbler-king-arthur-cherry,cobbler-a,King Arthur Baking,Buttermilk Biscuit Cherry Cobbler,https://www.kingarthurbaking.com/recipes/buttermilk-biscuit-cherry-cobbler-recipe,T1,direct,4.7,3,220,0,85,25,0,113,12.1,0,0,0,455.1,1092,220,0,38.64,11.36,0,0,51.36,5.5,0,0,9-inch square,529,0.86,2.4,190,32.5,,true,softened,,0,,false,,"leavening and salt are inside a proprietary blend and cannot be separated; ONLY source specifying softened butter; ONLY source giving an internal temperature (212 F) — and it is a filling-boiling cue, not a crumb cue; LEAVENING IMPUTED at 5.5 g per 100 g flour, the conventional self-rising level. The blend's actual composition is proprietary. Without this the model sees an unleavened cobbler and scores its interior at 0.09, which is an artefact.",THE STRONGEST CROSS-CHECK IN THE PROJECT. King Arthur states 9 mounds x 50 g = 450 g of dough; the independent ingredient sum gives 443 g — 1.6% agreement. This validates the topping-weight methodology across the whole corpus. It is also the source of the biscuit-bottom rationale for pre-baking.
cobbler-sallys-peach,cobbler-a,Sally's Baking Addiction,Fresh Peach Cobbler,https://sallysbakingaddiction.com/fresh-peach-cobbler/,T1,direct,4.8,146,250,0,113,100,2.85,120,6,1.15,0,0,593,1800,250,0,45.2,40,0,1.14,48,2.4,0.46,0,9x13-inch,759,0.781,3.04,177,45,5,true,cold,0.00958,120,,false,,,"The ONLY source treating a wet underside as DESIRABLE. Directly contradicts Carlsbad and King Arthur, who treat the identical condition as a defect, and Smitten Kitchen, who calls it inevitable. This is why the model weights that defect low and separates it from 'uncooked'. Also patted into flat patties, not dropped as mounds."
cobbler-carlsbad,cobbler-a,Carlsbad Cravings,Mixed Berry Cobbler,https://carlsbadcravings.com/mixed-berry-cobbler/,T1,direct,5,1,250,0,170.4,150,5.7,120,8,0,0,0,704.1,907.2,250,0,68.16,60,0,2.28,48,3.2,0,0,9x13-inch,759,0.928,1.29,177,50,10,false,cold,0,120,,false,,HIGHEST butter of any butter-containing sweet cobbler topping; Page renders five solid stars with NO count. n=1. Never record as 5 stars / 4 comments.,"Lists 'dense and cakier' as a FAILURE while Dorie names cakey as the GOAL. The two sit at opposite ends of the fat axis (68.2 vs 0.0 butter), which is why cakey must be conditioned on fat rather than scored globally. Also the clearest steam-venting statement in the corpus — though the mechanism it asserts is not supported by any food-science source."
cobbler-dorie,cobbler-a,Dorie Greenspan,Drop-Biscuit Peach-Blueberry Cobbler,https://doriegreenspan.substack.com/p/drop-biscuit-peach-blueberry-cobbler-22-08-05,T1,direct,,,204,0,0,37.5,2.85,358,8,1.15,0,0,611.5,1510.8,204,0,0,18.38,0,1.4,175.49,3.92,0.56,0,9-inch deep-dish pie pan,410,1.491,2.47,177,50,20,false,none,0.00958,120,,false,,NO BUTTER AT ALL; highest hydration in the cobbler corpus; Substack — no rating system.,"Names cakey as the deliberate target, and explains why: no butter means no flakiness. Her soda-to-buttermilk of 0.0100 is computed on buttermilk alone; against TOTAL liquid she is at 0.00335, the lowest alkalinity per unit dough in the corpus, because 238 g of heavy cream is essentially non-acidic and does not participate in neutralisation. This is the clearest case where the two denominators disagree."
cobbler-foodtalk,cobbler-a,Foodtalk Daily / Rockin' Recipes,Easy Southern Peach Cobbler With Biscuit Topping,https://www.foodtalkdaily.com/recipes/cobblers-pies/fruit-cobler/easy-southern-peach-cobbler-with-biscuit-topping-44768812,T1,direct,,,187.5,0,113.6,103.3,2.85,80,6,0,0,0,493.2,907,187.5,0,60.59,55.07,28.4,1.52,42.67,3.2,0,0,2-qt,452,1.091,1.84,204,37.5,12.5,true,cold,,0,,true,"PROBABLY AI-GENERATED OR CONTENT FARM. 2025 date, generic byline, SEO-shaped title, interchangeable frozen/fresh/canned ingredient line, and a formula that would barely cohere — 113.6 g butter against only 80 g milk on 187.5 g flour.",entered the corpus under a FALSE 'Southern Living' association,Reached while searching for Southern Living. It is a different publisher entirely. Recorded so the log does not inherit the false attribution.
crumble-delia-ccc,crumble,Delia Smith,Complete Cookery Course basic crumble,https://hopeeternalcookbook.wordpress.com/2010/02/01/basic-recipe-sweet-crumble-mixtures/,T4,blog-transcription,,,225,0,75,150,0,0,4,0,0,0,454,0,225,0,33.33,66.67,66.67,0,0,1.78,0,0,,,,,,,,false,cold,,0,,false,,CONTAINS BAKING POWDER — compared directly against unleavened toppings; lowest butter figure in the whole crumble survey (33.3),Single-source blog transcription of a book. The same page carried five further crumble formulas that were collected and silently dropped from the survey — a curation decision that moved the numbers.
crumble-nigel-slater,crumble,Nigel Slater,"Real Fast Puddings crumble, as tested by Felicity Cloake",https://gulfnews.com/going-out/how-to-make-the-perfect-crumble-1.718479,T4,quoted-in-article,,,175,0,175,100,0,0,0,0,0,0,450,0,175,0,100,57.14,0,0,0,0,0,0,,,,,200,30,,true,unstated,,0,,false,,highest butter in the British core set (100 per 100 flour),"Food-processor method, butter temperature never stated. Quoted verbatim inside Cloake's article, which is the only source in the crumble survey captured as complete page text."
crumble-nigella-hte,crumble,Nigella Lawson,"How to Eat crumble, as tested by Felicity Cloake",https://gulfnews.com/going-out/how-to-make-the-perfect-crumble-1.718479,T4,quoted-in-article,,,120,0,90,75,0,0,0,0,0,0,285,0,120,0,75,62.5,0,0,0,0,0,0,,,,,,,,,cold,,0,,false,,,Cloake endorses Nigella's freezer trick — chilling the rubbed mixture produced a topping 'studded with a few more lumps and bumps'.
crumble-nigella-jumbleberry,crumble,Nigella Lawson,Jumbleberry Crumble,https://www.nigella.com/recipes/jumbleberry-crumble,T1,direct,,,100,0,50,37.5,0,0,2,0,0,0,189.5,100,100,0,50,37.5,37.5,0,0,2,0,0,300 ml ramekin,56.7,3.342,0.53,220,20,,false,cold,,0,"demerara: A raw cane sugar, less dense than granulated; treated as granulated here, which slightly overstates its weight.",true,"The recipe does not add up: as written the topping makes 187.5 g but the method directs 75 g across each of 4 ramekins = 300 g, a 60% shortfall. Every derived figure inherits that ambiguity, and the ramekin area is the weakest geometric inference in the survey.",CONTAINS BAKING POWDER; individual ramekin — a different form factor from a dish,
crumble-nigella-apple-walnut,crumble,Nigella Lawson,Apple and Walnut Crumble,https://www.nigella.com/recipes/apple-and-walnut-crumble,T1,direct,,,100,0,50,58,0,0,0,0,60,0,268,525,100,0,50,58,58,0,0,0,0,60,just under 1 litre oval pie dish,,,1.96,190,25,,true,cold,,0,,false,,sugar recorded as 45 g in the ratio pass and 58 g in the scale pass — reconciled here to 58 g including the heaped tablespoon,"Two Nigella recipes on the same official site share identical flour and butter (100/50) but differ in leavening — Jumbleberry has baking powder, this has none. Same author, incompatible base formula."
crumble-mary-norwak,crumble,Mary Norwak,"English Puddings crumble, as tested by Felicity Cloake",https://gulfnews.com/going-out/how-to-make-the-perfect-crumble-1.718479,T4,quoted-in-article,,,75,0,50,25,0,0,0,0,0,0,150,0,75,0,66.67,33.33,33.33,0,0,0,0,0,,,,,,,,,unstated,,0,,false,,"Cloake ALTERED this recipe before testing — she dropped Norwak's 6 tbsp water, 75 g sugar and ground ginger","The source of the survey's 'sandy is a defect' finding: Cloake rejected Norwak's fine soft brown sugar because 'the fine texture makes the finished crumble topping a little sandy'. BBC Good Food uses sandy as a POSITIVE target, so the term is contested."
crumble-bbc-food-parker,crumble,BBC Food (Merrilees Parker),Apple crumble,https://git.macropus.org/bbc-food/www.bbc.co.uk/food/recipes/applecrumble_2971.html,T2,dead-page-archive,,,300,0,200,175,0,0,0,0,0,0,675,450,300,0,66.67,58.33,58.33,0,0,0,0,0,24 cm round ovenproof dish,452.4,1.492,0.67,180,42.5,,false,room temperature,,0,,false,,"ONLY room-temperature-butter British recipe in the survey; heaviest topping load (1.49 g/cm2) AND lowest fruit:topping (0.67) AND coolest bake — three unusual traits in ONE recipe, counted as three independent signals across three tables; primary page almost certainly dead; BBC Food retired most recipes around 2016","675 g of topping for 450 g of fruit in a 4-portion dish is 169 g of raw topping per person. Reported straight for want of grounds to correct it, but flagged as suspicious."
crumble-goodtoknow,crumble,GoodtoKnow,Crumble topping,https://www.goodto.com/recipes/crumble-topping,T1,direct,3,6276,150,0,100,85,0,0,0,0,0,0,335,500,150,0,66.67,56.67,56.67,0,0,0,0,0,,,,1.49,200,37.5,,,cold,,0,,false,,"LARGEST SAMPLE IN THE ENTIRE SURVEY (6,276 ratings) and the LOWEST RATING IN IT (3.0); internally contradictory oven spec: states '200C (180C fan, Gas 4)' — Gas 4 is 180C, not 200C","High popularity, low specification: no dish size, no salt, a self-contradicting temperature. Its 3.0 rating across 6,276 votes is the single most-sampled quality signal available and it is mediocre."
crumble-ottolenghi-cheesecake,crumble,Ottolenghi,Sweet and salty cheesecake crumble element,https://ottolenghi.co.uk/pages/recipes/sweet-salty-cheesecake-cherries-crumble,T1,direct,,,75,0,50,50,1.43,0,0,0,0,0,176.4,0,75,0,66.67,66.67,66.67,1.9,0,0,0,0,,,,,,,,,cold,,0,,true,"NOT A FRUIT CRUMBLE — a cheesecake garnish, baked separately. It nevertheless supplied the single quantified salt figure used for the British core subset, giving a cheesecake topping disproportionate weight in the salt analysis.",,
crumble-atk-crumb-pie,crumble,America's Test Kitchen,Apple Crumb Pie,https://www.americastestkitchen.com/recipes/16654-apple-crumb-pie,T1,direct,3.5,13,189.3,0,227.2,200,2.85,0,0,0,0,0,619.4,0,189.3,0,120,105.63,0,1.51,0,0,0,0,9-inch pie,,,,,,,,cold,,0,kosher salt: Diamond Crystal ~2.8 g/tsp vs Morton ~4.8 g/tsp — a 1.7x spread. Midpoint used; the true value could be either end.,true,"US crumb pie, not a British crumble. At butter 135.5 it is the extreme outlier that forced two separate medians, and it is simultaneously the LOWEST-RATED source in the survey (3.5 stars, 13 reviews) with no published gram weights.","kosher salt converted at a table-salt factor — true figure likely 1.2-1.7, not 2.55, so the survey salt median is biased high; the fetch attributed its rationale to Martha Stewart on an ATK URL — unresolved, treat attribution as unreliable",
crumble-king-arthur-streusel,crumble,King Arthur Baking,Streusel Topping,https://www.kingarthurbaking.com/recipes/streusel-topping-recipe,T1,direct,4.5,6,60,23,57,53,0.71,0,0,0,0,0,193.7,0,83,27.71,68.67,63.86,63.86,0.86,0,0,0,0,,,,,,,,,room temperature,,0,,false,,"a companion King Arthur page returned CORRUPTED ARITHMETIC — '1,824g butter (4 sticks x 456g)', wrong twice over. Discarded; logged as direct evidence of the retrieval layer's error rate.",
crumble-great-british-chefs,crumble,Great British Chefs (Adam Gray),Apple and blackberry crumble,https://www.greatbritishchefs.com/recipes/apple-and-blackberry-crumble-recipe,T1,direct,,,250,0,170,110,0,0,0,0,220,0,750,700,250,0,68,44,44,0,0,0,0,88,,,,0.93,160,35,,true,unstated,,0,,true,"The topping is baked ALONE for 30-40 minutes as a granola, stirred every 10, then assembled for a 10-12 minute finish. Its 750 g is a batch yield, not an applied quantity, so its fruit:topping ratio is not comparable — yet it was included in that median anyway.",,
crumble-delicious-magazine,crumble,delicious. magazine,Master crumble,https://www.deliciousmagazine.co.uk/10-of-the-best-crumbles/,T3,search-summary,,,150,0,150,150,0,0,0,0,75,0,525,0,150,0,100,100,0,0,0,0,0,50,,,,,,15,,true,cold,,0,,true,"TIER-3: the page returned 403 and was never fetched. It entered the published ratio table on search-summary evidence alone, unflagged, where it anchored the TOP of both the butter and sugar ranges (100/100). It is also a separately pre-baked crumble, not a conventional one.",,
crisp-ci-skillet,crisp,Cook's Illustrated,Skillet Apple Crisp,https://www.americastestkitchen.com/recipes/6146-skillet-apple-crisp,T1,direct,,,106,67.5,113.6,149,2.85,0,0,0,75,0,514,1361,173.5,38.9,65.48,85.88,57.06,1.64,0,0,0,43.23,12-inch ovensafe skillet,729.7,0.704,2.65,232,17.5,15,true,melted,,0,nuts: Varies with nut and chop size; 100 g/cup is a rough middle.,false,,"pan is 12-inch, not the 10-inch assumed in an earlier pass — a 12-in skillet tapers, so the floor is ~507 cm2 and the load would rise from 0.704 to 1.014","Apples cooked on the STOVETOP first, 12-14 min. The only source in the corpus explaining why oats are there: Cook's Illustrated replaced some flour with 'chewy rolled oats' — for CHEW, not crunch."
crisp-cc-cranberry-apple,crisp,Cook's Country,Cranberry-Apple Crisp,https://www.americastestkitchen.com/recipes/3180-cranberry-apple-crisp,T1,direct,,,106,64,170.4,198,0,0,0,0,0,0,538.4,2722,170,37.65,100.24,116.47,58.24,0,0,0,0,0,13 by 9-inch,759,0.709,5.06,204,30,,true,cold,,0,,false,,"NO SALT AT ALL, paired with the HIGHEST butter in the crisp corpus (100.2) — an unusual combination for ATK that was reported numerically but never flagged as odd; the only scorch mitigation in 16 crisp sources: 'If topping is browning too quickly, loosely cover with foil'","Oats are stirred in AFTER the butter is cut in, then pinched into 'peanut-sized clumps' — one of only two sources where mixing order was captured."
crisp-atk-kids,crisp,America's Test Kitchen,Kids Apple Crisp,https://www.americastestkitchen.com/recipes/15381-kids-apple-crisp,T1,direct,,,94,43,71,50,0,0,0,0,0,0,258,907,137,31.39,51.82,36.5,36.5,0,0,0,0,0,8-inch square,400,0.645,3.52,191,40,30,false,melted,,0,,false,,"NO SALT in an ATK recipe — surprising; asked twice across two fetches and got the same answer, but verify before trusting; explicitly forbids quick oats while ATK's own Master recipe calls for them — the publisher contradicts itself",
crisp-once-upon-a-chef,crisp,Once Upon a Chef,The Best Apple Crisp with Oat-Pecan Topping,https://www.onceuponachef.com/recipes/apple-crisp.html,T1,direct,4.82,90,46.9,45,85.2,129.9,0.71,0,0,0,100,0,407.7,1134,91.9,48.98,92.73,141.36,86.94,0.78,0,0,0,108.84,shallow 2-quart,452,0.902,2.78,177,45,15,false,cold,,0,nuts: Varies with nut and chop size; 100 g/cup is a rough middle.,false,,"POSSIBLY NOT INDEPENDENT of Martha Stewart — both carry the distinctive line '1/2 cup plus 2 tablespoons granulated sugar, divided', the same structure, cold cubed butter and old-fashioned oats. They split the divided sugar differently, which is exactly why they land at the two EXTREMES of the sugar range (141.4 and 42.6). If they share a lineage they are one data point, not two.",
crisp-ina-garten,crisp,Ina Garten,Old-Fashioned Apple Crisp,https://barefootcontessa.com/recipes/old-fashioned-apple-crisp,T1,direct,,,187.5,90,226.8,309.8,1.9,0,0,0,0,0,815.9,2268,277.5,32.43,81.73,111.62,57.57,0.68,0,0,0,0,9 x 14 x 2-inch oval,638.5,1.278,2.78,177,60,,false,cold,,0,kosher salt: Diamond Crystal ~2.8 g/tsp vs Morton ~4.8 g/tsp — a 1.7x spread. Midpoint used; the true value could be either end.,false,,"OVAL dish — the only non-rectangular pan in the survey; treated as an ellipse (638.5 cm2). As a rectangle it is 813 cm2 and the load falls from 1.279 to 1.005; kosher salt converted at a table-salt factor; if Diamond Crystal her salt halves; SHE REUSES THIS TOPPING across at least three published recipes — 'Ina Garten' is one formula, not evidence of convergence",
crisp-betty-crocker,crisp,Betty Crocker,Apple Crisp with Oats,https://www.bettycrocker.com/recipes/apple-crisp-with-oats/434c1c4e-613b-4b0b-9453-3f3ed5c479a8,T1,direct,4.6,854,93.8,67.5,113.6,106.5,0,0,0,0,0,0,381.4,660,161.3,41.86,70.45,66.05,66.05,0,0,0,0,0,8-inch square (2-quart) glass,400,0.953,1.73,191,32.5,20,false,cold,,0,,false,,"LARGEST review count of any crisp (854) — and simultaneously the LOWEST fruit:topping in the corpus (1.73), i.e. the most topping-heavy formula surveyed; rating confirmed by computing from the page's own embedded value: AverageRating 0.912412 on a 0-1 scale x5 = 4.562 -> displays 4.6",The most publicly validated crisp formula in the survey sits at the OPPOSITE end from ATK's 5:1 filling-to-topping doctrine.
crisp-inspired-taste,crisp,Inspired Taste,Easy Apple Crisp,https://www.inspiredtaste.net/18686/apple-crisp-with-oats-recipe/,T1,direct,5,74,100,65,115,100,0.71,0,0,0,0,0,380.7,1247,165,39.39,69.7,60.61,0,0.43,0,0,0,0,9-inch square (or 2-quart),523,0.728,3.28,177,75,,false,melted,,0,,false,,"LONGEST bake in the crisp corpus by a wide margin — 60 to 90 minutes at only 350F, a 50% window, unusually loose for a 5.0-rated recipe","Argues for melted butter directly against Betty Crocker and Sally's, who argue for cold. The corpus does not agree with itself on this."
crisp-bon-appetit,crisp,Bon Appetit,Apple-Raspberry Crisp,https://www.foodlibrarian.com/2015/11/apple-raspberry-crisp-from-bon-appetit.html,T2,blog-mirror,,,62.5,45,85.2,106.5,1.43,0,0,0,0,0,300.6,1274,107.5,41.86,79.26,99.07,99.07,1.33,0,0,0,0,8 x 8-inch,400,0.752,4.24,177,60,20,false,cold,,0,,false,,"ENTIRELY SECONDARY — epicurious.com blocked; no figure confirmed against Bon Appetit or Epicurious themselves; the mirror states brown sugar as 100 g; the project factor gives 106.5, a 6.5 g discrepancy left unreconciled; the blogger notes her dish 'was a bit bigger' than 8x8, so her executed load differs from the published one",
crisp-smitten-apricot,crisp,Smitten Kitchen,Breakfast Apricot Crisp,https://smittenkitchen.com/2008/06/breakfast-apricot-crisp/,T1,direct,,,61.4,45,56.8,75,0.71,0,0,0,12,0,250.9,453.6,106.4,42.29,53.38,70.49,0,0.67,0,0,0,11.28,holds 2-3 cups,,,1.81,204,35,,false,melted,,0,,false,,"the ONLY source in the crisp corpus giving no pan dimensions at all — capacity only, so excluded from the load median; the only source where sugar is 100% white (turbinado); framed as a BREAKFAST dish, not a dessert, which may explain the low sugar and the smallest topping in the set","A distinct mixing order found nowhere else: butter, then sugar, then oats, then flour."
crisp-martha-stewart,crisp,Martha Stewart,Apple Crisp,https://zest4foodblog.wordpress.com/2019/10/08/martha-stewarts-apple-crisp/,T2,two-independent-reprints,,,93.8,90,113.6,78.3,2.85,0,0,0,0,0,378.5,1360.8,183.8,48.98,61.82,42.59,28.98,1.55,0,0,0,0,shallow 8x8 inch (one reprint says 2 quart),400,0.946,3.6,191,60,10,false,cold,,0,,false,,"marthastewart.com blocked — entirely reprint-sourced, and the two reprints DISAGREE on pan and bake time; the method text is a paraphrase of a paraphrase; see the Once Upon a Chef lineage flag: these two may be one recipe, not two",
crisp-atk-905-oatfree,crisp,America's Test Kitchen,Fruit Crisp (905),https://www.americastestkitchen.com/recipes/905-fruit-crisp,T1,direct,,,46.9,0,71,99.5,1.43,0,0,0,75,0,293.8,1247,46.9,0,151.47,212.27,105.6,3.04,0,0,0,160,8-inch square (2 quart),400,0.735,4.24,177,45,,false,cold,,0,nuts: Varies with nut and chop size; 100 g/cup is a rough middle.,true,"NO OATS — excluded from the oat-bearing medians, but it is ATK's own crisp and it states outright that the ideal crisp topping is nuts and flour. One of five canonical oat-free 'crisps'.",reverses ATK's own stage direction: bakes at 350F for 40 min then INCREASES to 400F for 5,
crisp-chez-panisse-pear,crisp,Chez Panisse / Alice Waters,Warren Pear and Huckleberry Crisp,https://www.froghollow.com/blogs/recipes/6791238-chez-panisses-warren-pear-and-huckleberry-crisp,T2,licensee-reproduction,,,166.7,0,86.5,25,0,0,0,0,79.2,0,357.3,1330,166.7,0,51.88,15,0,0,0,0,0,47.5,10 x 8 in gratin dish,516,0.692,3.72,204,,,false,cold,,0,,true,"NO OATS. Sugar at 17.5 per 100 flour is less than half the lowest oat-bearing crisp (Dorie, 36.4) — a strikingly lean, nut-driven topping from the restaurant most associated with the American fruit-dessert revival.",,
cobbler-ouac-peach,cobbler-a,Once Upon a Chef,Best Peach Cobbler,https://www.onceuponachef.com/recipes/peach-cobbler.html,T1,direct,4.91,101,125,0,71,75,2.85,160,5,1.15,0,0,440,1360.8,125,0,56.8,60,0,2.28,128,4,0.92,0,9-in square / 2.5 qt,529,0.832,3.09,190,42.5,60,false,cold,0.00719,160,,false,,"HIGHEST-RATED cobbler in the survey (4.91 from 101 ratings); at 128 liquid per 100 flour this is a DROP BATTER, not a dough — the headnote calls it a biscuit topping while the method calls it 'the batter'; only 1 of 240 comments ships in the HTML, behind a Load More — that thread is effectively unreadable",
cobbler-ouac-blueberry,cobbler-a,Once Upon a Chef,Easy Blueberry Cobbler,https://www.onceuponachef.com/recipes/blueberry-cobbler.html,T1,direct,4.84,54,187.5,0,113.6,75,4.28,240,7,1.15,0,0,628.5,592,187.5,0,60.59,40,0,2.28,128,3.73,0.61,0,8-in square / 2 qt,400,1.571,0.94,190,40,17.5,false,cold,0.00479,240,,false,,"numerically identical to the same author's apple cobbler — one formula, not two",
cobbler-smitten-cornmeal,cobbler-a,Smitten Kitchen,Cornmeal Drop Biscuit Peach Blueberry Cobbler,https://smittenkitchen.com/2010/07/cornmeal-drop-biscuit-peach-blueberry-cobbler/,T1,direct,,,127.1,0,42.6,39.9,1.43,120,6,0,0,0,337.1,976.4,127.1,0,33.51,31.41,31.41,1.12,94.39,4.72,0,0,2-qt ovenproof,452,0.746,2.9,218,22.5,,false,cold,0,120,,false,,"the author INVITES doubling the topping — 'there can never be enough biscuit topping, go ahead and double what is suggested below'. Its light load (0.747 g/cm2) is therefore an acknowledged choice, not a neutral data point.; all 310 comments ship in the HTML — the most readable thread in the survey","Source of the strongest evidence that 'more topping' is preference rather than defect: 16 of 310 commenters doubled it, none called the published amount an error, and two reported the doubled version was worse."
cobbler-ka-individual-berry,cobbler-a,King Arthur Baking,Individual Berry Cobblers,https://www.kingarthurbaking.com/recipes/individual-berry-cobblers-recipe,T1,direct,,,180,0,74,67,2.14,74,6,2.3,0,0,405.4,432,180,0,41.11,37.22,0,1.19,41.11,3.33,1.28,0,four 2/3-cup ramekins,201,2.017,1.07,190,27.5,15,false,cold,,0,,true,Ramekin area (201 cm2) is the single most unreliable geometric inference in the survey and produces the 2.018 g/cm2 outlier that topped the load range. Excluding it moves the cobbler load median only from 0.846 to 0.845 but shrinks the range from 0.626-2.018 to 0.626-1.574.,"HIGHEST soda load in the corpus (1.33 per 100 flour) with NO dairy acid at all — balanced by Bakewell Cream, so the soda:buttermilk test is inapplicable rather than failed; the ONLY category-(a) source instructing mounds 'close together' — directly contradicting the steam-venting rationale every other source invokes, and nobody addresses the conflict",
cobbler-butter-book,cobbler-a,The Butter Book,Fruit Cobbler with Cornmeal Biscuit Topping,https://www.thebutterbook.com/post/fruit-cobbler-with-cornmeal-biscuit-topping,T1,direct,,,170,0,85,50,1.5,140,8,2,0,0,456.5,1800,170,0,50,29.41,0,0.88,82.35,4.71,1.18,0,2.5-qt,565,0.808,3.94,180,52.5,30,false,cold,0.01429,140,,false,,"EXCEEDS the soda ceiling at 0.01429 — one of only three sources in the survey to do so, and they fail every candidate ceiling between 0.0089 and 0.0117; ALMOND FLOUR is 32% of the flour basis and contributes no gluten, so its per-100-flour figures are not commensurable with the wheat recipes; offers 'buttermilk OR plain yogurt' interchangeably at 140 g — these differ materially in titratable acidity, so the flagged ratio is only defined on the buttermilk reading",The ONLY source in the entire survey that chills the shaped mounds before baking — 30 minutes to an hour — which is a direct mitigation for the spread this model used to penalise heavily.
cobbler-tori-avey,cobbler-a,Tori Avey,Drop Biscuit Cobbler,https://toriavey.com/drop-biscuit-cobbler/,T1,direct,4.72,7,187.5,0,85.2,50,1.9,180,8,2.3,0,0,514.9,1071,187.5,0,45.44,26.67,0,1.01,96,4.27,1.23,0,9x9,529,0.973,2.08,177,37.5,60,false,cold,0.01278,180,kosher salt: Diamond Crystal ~2.8 g/tsp vs Morton ~4.8 g/tsp — a 1.7x spread. Midpoint used; the true value could be either end.,false,,EXCEEDS the soda ceiling at 0.01333 — one of three in the survey,"Mixes 'until the dry ingredients are just moistened, about 8-10 strokes' — a stroke-count tenderness control found nowhere else."
cobbler-bon-appetit-blueberry,cobbler-a,Bon Appetit,Blueberry-Drop Biscuit Cobbler,https://www.justapinch.com/recipes/blueberry-drop-biscuit-cobbler.html,T2,two-independent-reprints,,,187.5,0,85.2,37.5,1.9,0,6,0,0,0,318.1,907.2,187.5,0,45.44,20,0,1.01,0,3.2,0,0,8x8x2 glass,400,0.795,2.85,190,47.5,,false,cold,,0,kosher salt: Diamond Crystal ~2.8 g/tsp vs Morton ~4.8 g/tsp — a 1.7x spread. Midpoint used; the true value could be either end. | creme fraiche: no factor for creme fraiche/tbsp,false,,"bonappetit.com blocked — reconstructed entirely from reprints plus one search-returned directions excerpt; the topping is TORN INTO 'quarter-size crumbles' and scattered, not dropped in mounds — closer to a crumble geometry despite the recipe title",
cobbler-savory-nothings,cobbler-a,Savory Nothings,Strawberry Cobbler,https://www.savorynothings.com/strawberry-cobbler/,T1,direct,5,5,187.5,0,75.7,50,1.43,120,8,0,0,0,442.7,907.2,187.5,0,40.39,26.67,0,0.76,64,4.27,0,0,2-qt casserole,452,0.979,2.05,204,50,30,false,cold,0,120,,false,,"THE ONLY TWO-TEMPERATURE SCHEDULE in the entire 30-source cobbler corpus, and it DESCENDS: 400F for 15 min, then 350F for 30-40. Everything else that looks multi-stage is a constant-temperature fruit pre-bake. This is the sole precedent for a descending finish.",
cobbler-getty-stewart,cobbler-a,Getty Stewart,Berry Cobbler with Sweet Biscuit Topping,https://www.gettystewart.com/berry-cobbler-with-sweet-biscuit-topping/,T1,direct,5,4,125,0,56.8,25,0,120,4,0,0,0,330.8,840,125,0,45.44,20,0,0,96,3.2,0,0,"9x9, sides at least 2 in",529,0.625,2.54,190,47.5,30,false,cold,0,120,,false,,LIGHTEST topping in the cobbler corpus (331 g); no salt and no soda at all,"The only source that says to FLATTEN the mounds slightly — and for the opposite reason to everyone else's spacing advice: to prevent underbaking, not to vent steam. Also gives the clearest etymology in the corpus."
cobbler-beyond-kimchee,cobbler-a,Beyond Kimchee,Old-Fashioned Peach Cobbler,https://www.beyondkimchee.com/old-fashioned-peach-cobbler/,T1,direct,5,9,120,0,85,65,2.85,80,4,0,0,50,406.9,790,120,0,70.83,54.17,0,2.38,66.67,3.33,0,0,10-in cast iron / 2.5 qt,507,0.802,1.94,204,35,,false,cold,,0,,false,,HIGHEST butter in the cobbler corpus (70.8 per 100 flour); one of very few cobbler toppings containing egg,
batter-atk-easy-blueberry,cobbler-c,America's Test Kitchen,Easy Blueberry Cobbler,https://www.americastestkitchen.com/recipes/9659-easy-blueberry-cobbler,T1,direct,,,170,0,113.6,50,0,517,0,0,0,0,850.6,283,170,0,66.82,29.41,0,0,304.12,0,0,0,13x9,759,1.121,0.33,177,35,10,false,melted,,0,,false,,"BATTER COBBLER — poured, fruit sprinkled on top. Excluded from the biscuit medians.; SUSPICIOUS FRUIT QUANTITY: 283 g of blueberries in a 13x9 gives fruit:topping of 0.33, the lowest in the whole survey. Verify before use.; sugar is understated here: the condensed milk carries roughly 218 g more","Effectively a cake with fruit on it. The texture description reported in an earlier pass was the retrieval layer's PARAPHRASE, not a quotation, and is not repeated here."
batter-ka-fresh-fruit,cobbler-c,King Arthur Baking,Fresh Fruit Cobbler,https://www.kingarthurbaking.com/recipes/fresh-fruit-cobbler-recipe,T1,direct,,,120,0,28,198,2.85,28,4,0,0,100,480.9,454,120,0,23.33,165,0,2.38,23.33,3.33,0,0,9-in square / 2.5 qt,529,0.909,0.94,190,30,,false,softened,,0,,false,,"BATTER poured into the pan with the FRUIT PLACED ON TOP — a self-inverting cake, not a cobbler in the drop-biscuit sense; sugar at 165 per 100 flour is 5x the biscuit-cobbler median of 30",The batter is meant to 'rise up and over the fruit as it bakes' — partial dispersion achieved by buoyancy rather than by mixing. This is the closest thing in the corpus to a fruit-dispersion mechanism.
batter-magic-cobbler,cobbler-c,folk canon,Magic Cobbler,https://www.cooks.com/recipe/qy8qx5j7/magic-cobbler.html,T3,search-summary,,,125,0,113.6,200,0,180,0,0,0,0,618.6,210,125,0,90.88,160,0,0,144,0,0,0,,,,0.34,177,35,,false,melted,,0,,true,"Weakest source in the survey: folk canon, no named author, reconstructed from a search summary, no pan size. Recorded only to bound the batter-cobbler range.","THE INVERSION IS REAL BUT ITS EXPLANATION IS NOT SOURCED. Butter goes in the pan, batter poured over unstirred, fruit on top unstirred; the layers change places during the bake. Every online account of the physics traces to content farms agreeing with each other and citing nothing.","The inversion has a place-name-level trace: one etymology for 'sonker' is a dialect form of 'sinker', because the fruit sinks through the batter. That predates the internet by two centuries. The competing Scots etymology (sonker = grassy knoll) is at least as well supported — do not treat 'sinker' as settled."
sonker-rockford,sonker,Rockford General Store / Garden & Gun,"Sonker, rolled pastry",https://gardenandgun.com/recipe/following-the-sonker-trail/,T1,direct,,,531.3,0,76.9,0,0,270,0,0,0,0,878.1,0,531.3,0,14.47,0,0,0,50.82,0,0,0,"10x12x2.5 in (per pan, of two)",774,1.135,,177,40,,false,shortening,,0,shortening: No published factor was available; 205 g/cup is an estimate.,false,,"THE DRIEST TOPPING IN THE ENTIRE SURVEY at ~51 parts liquid per 100 flour — and it gets its rollability from VERY LOW FAT (14.5 vs a cobbler median of 45), not from low water. Combined liquid+fat is 65 against a cobbler median around 123.; This record is why the model's claim that rollable pastry lives at 22-35% hydration is wrong: the rolled-pastry sonker sits INSIDE the dough cluster.; fruit quantity NOT STATED — 'fruit filling of choice'",
sonker-pastry-chef-online,sonker,Pastry Chef Online,Sweet Potato Sonker with milk dip,https://pastrychefonline.com/sweet-potato-sonker-recipe/,T1,direct,,,250,0,113.6,71,5.7,170,12,0,0,0,622.3,1000,250,0,45.44,28.4,28.4,2.28,68,4.8,0,0,1.5-qt oval,339,1.836,1.61,190,57.5,,true,cold,,0,,false,,"THE MILK DIP IS A DELIBERATE LATE-STAGE RE-WETTING — about 1/2 cup poured over at the 40-minute mark, then 15-20 minutes more. It is the exact inverse of steam venting, and any sog-resistance term inherited from the cobbler axis penalises this source for doing the thing it is trying to do.","Rolled to 1/4 inch and VENTED for steam escape, with strips lining the dish sides. Calls its own dough a 'Sweet Biscuit Dough', not a pastry."
sonker-spiral-bound,sonker,Spiral Bound Foodie,"Vintage Appalachian Sonker, poured batter",https://www.spiralboundfoodie.com/blogs/recipes/vintage-sonker-cobbler-recipe,T1,direct,,,125,0,113.6,100,2.85,120,6,0,0,0,467.5,560,125,0,90.88,80,0,2.28,96,4.8,0,0,1.5-qt,339,1.379,1.2,177,37.5,,true,melted,,0,,false,,BATTER poured over HOT pre-baked fruit — the fruit is cooked 30 minutes first,"The richest sonker texture language in the corpus, and it explicitly rejects the crisp/crumble/biscuit target rather than approximating it."
